{"cameraMode":{"drawMode":0,"name":"Shaded","section":"Shading Mode"},"sceneLighting":false,"audioPlay":false,"sceneViewState":{"m_AlwaysRefresh":false,"showFog":true,"showSkybox":true,"showFlares":true,"showImageEffects":true,"showParticleSystems":true,"showVisualEffectGraphs":true,"m_FxEnabled":true},"in2DMode":false,"pivot":{"x":106.34142303466797,"y":-36.36774826049805,"z":63.028541564941409},"rotation":{"x":0.122085340321064,"y":-0.010917481034994126,"z":0.001342994743026793,"w":0.9924598336219788},"size":87.43079376220703,"orthographic":false}